Id,ORGANIZATION,NAME,GENDER,SPECIALITY,ADDRESS,CITY,STATE,ZIP,UTILIZATION
145ee763-5641-491c-8454-2b63526796e0,ef58ea08-d883-3957-8300-150554edc8fb,Noe500 Dibbert990,M,GENERAL PRACTICE,60 HOSPITAL ROAD,LEOMINSTER,MA,01453,11160
9e616b4d-96c3-4ce1-a45f-800718b1b0aa,69176529-fd1f-3b3f-abce-a0a3626769eb,Mariam937 Gleason633,F,GENERAL PRACTICE,330 MOUNT AUBURN STREET,CAMBRIDGE,MA,02138,13176
0bccef74-13e4-4fa8-ac44-c5ac614e011b,5e765f2b-e908-3888-9fc7-df2cb87beb58,Dagny669 Schoen8,F,GENERAL PRACTICE,211 PARK STREET,ATTLEBORO,MA,02703,19932
3538de02-9e13-4b84-917e-eddc51668ff0,f1fbcbfb-fcfa-3bd2-b7f4-df20f1b3c3a4,Tyron580 Torphy630,M,GENERAL PRACTICE,ONE GENERAL STREET,LAWRENCE,MA,01842,15618
f0ec722e-f0a4-44c0-b955-bc0375daf24c,e002090d-4e92-300e-b41e-7d1f21dee4c6,Loren192 Fay398,M,GENERAL PRACTICE,1493 CAMBRIDGE STREET,CAMBRIDGE,MA,02138,17454
3603fe8d-a0dc-4a42-a86f-722f03bc2ae7,ef6ab57c-ed94-3dbe-9861-812d515918b3,Stanford577 Leannon79,M,GENERAL PRACTICE,88 LEWIS BAY ROAD,HYANNIS,MA,02601,7400
312a450f-5656-41e7-803f-87e132c55273,49318f80-bd8b-3fc7-a096-ac43088b0c12,Antonia30 Stark857,M,GENERAL PRACTICE,30 LOCUST STREET,NORTHAMPTON,MA,01060,8037
ff42d56b-3715-4131-9cdc-096336cbe2dd,fbf6180e-b800-3ebe-b91d-93d0288c400e,Pandora807 Weissnat378,F,GENERAL PRACTICE,164 HIGH STREET,GREENFIELD,MA,01301,9776
957a0d7a-ea53-4e9b-a98a-728daf426b6d,8b58cdd1-3d79-3126-8fe0-da2c54d6805c,Felicitas300 Kub800,F,GENERAL PRACTICE,2100 DORCHESTER AVENUE,BOSTON,MA,02124,7827
4adde48a-45d9-4e0b-94f7-90cf7b7ade6d,4bdaa4c2-c664-3089-aee2-7137abbad27f,Rashad361 Maggio310,M,GENERAL PRACTICE,100 SOUTH STREET,SOUTHBRIDGE,MA,01550,7931
61832848-6c64-4692-8f0a-99be7c7f71dd,ecc51621-0af3-3b35-ac3e-8b1e34022e92,Isaac321 Upton904,M,GENERAL PRACTICE,795 MIDDLE STREET,FALL RIVER,MA,02721,17849
dc206712-ffc5-4dea-9fc4-fd7d56dc9684,5d4b9df1-93ae-3bc9-b680-03249990e558,Keeley419 Yundt842,F,GENERAL PRACTICE,575 BEECH STREET,HOLYOKE,MA,01040,7676
949d2057-9d1a-4edf-9a61-3cd8e5805d3d,37b4d73f-652d-3033-a16e-d97b9e8b4cda,Annette105 Legros616,F,GENERAL PRACTICE,25 HIGHLAND AVENUE,NEWBURYPORT,MA,01950,16982
7b91301c-7fcc-49dc-b821-2b58f17feee3,5844ad77-f653-3c2b-b7dd-e97576ab3b03,Avery919 Muller251,M,GENERAL PRACTICE,40 WRIGHT STREET,PALMER,MA,01069,6016
35bf3529-3ec0-4352-8b79-3577aa69f092,08bcda9c-f8c8-3244-82d4-fc306a7a55d3,Del587 Williamson769,M,GENERAL PRACTICE,1 BOSTON MEDICAL CENTER PLACE,BOSTON,MA,02118,6457
b3dcebb3-d566-458c-bb23-14644c203d32,37c0de84-bcaf-3624-82bf-a89b2ac441b8,Erlinda993 Franecki195,F,GENERAL PRACTICE,85 HERRICK STREET,BEVERLY,MA,01915,16280
6eda57a0-9924-40d4-8dc9-7f9a2f63d393,4861d01f-019c-3dac-a153-8334e50919f9,Sharyl439 Hilpert278,F,GENERAL PRACTICE,81 HIGHLAND AVENUE,SALEM,MA,01970,25165
15bf99e0-b89b-4674-93df-7d45236ce176,a0b6ec0c-e587-3b2a-bf9f-248849f29ee5,Maryjo280 Osinski784,F,GENERAL PRACTICE,736 CAMBRIDGE STREET,BRIGHTON,MA,02135,7154
9ed510d6-f0d4-49bb-b162-f8c59664c556,4f3a530e-a2f7-3de0-9a09-c0a70a9ab894,Lloyd546 Effertz744,M,GENERAL PRACTICE,725 NORTH STREET,PITTSFIELD,MA,01201,15970
7ac9c518-1d0e-4959-a988-033d6f95cd58,f71ce1a9-cca7-3295-9a1e-c88ac3479b6f,Giovanni385 Greenfelder433,M,GENERAL PRACTICE,157 UNION STREET,MARLBOROUGH,MA,01752,13717
07ab7117-8d09-4127-950e-5dd7340477e4,c44f361c-2efb-3050-8f97-0354a12e2920,Barry322 Nicolas769,M,GENERAL PRACTICE,680 CENTER STREET,BROCKTON,MA,02302,17967
12e659e9-83e2-4805-bc71-2151012985c9,331f4c11-d298-308b-aaa1-d7825b29b57f,Janean397 Walsh511,F,GENERAL PRACTICE,201 HIGHLAND STREET,CLINTON,MA,01510,5076
b7fa68c0-4062-41cc-9513-16a7e48bf9a3,b1ddf812-1fdd-3adf-b1d5-32cc8bd07ebb,Maricarmen445 Partida347,F,GENERAL PRACTICE,275 SANDWICH STREET,PLYMOUTH,MA,02360,24669
14c9ed17-683f-48bb-b704-06efc1866d1b,6be05ccf-ef94-341f-a2a3-1cf9bfde1b18,Racquel201 Hegmann834,F,GENERAL PRACTICE,107 LINCOLN STREET,WORCESTER,MA,01605,7612
889de96c-426a-4d6c-8367-77e9286aee24,b0e04623-b02c-3f8b-92ea-943fc4db60da,Ignacio928 Towne435,M,GENERAL PRACTICE,295 VARNUM AVENUE,LOWELL,MA,01854,29742
765dd495-c4ed-482f-a7f5-e6c0242c2f34,ebc3f5c4-6700-34af-8323-85621c313726,Cecil300 Wisozk929,F,GENERAL PRACTICE,115 WEST SILVER STREET,WESTFIELD,MA,01085,5372
5b47136c-7897-4ec6-ac98-9083e3499426,fd328395-ab1d-35c6-a2d0-d05a9a79cf11,Peggie783 Bradtke547,F,GENERAL PRACTICE,271 CAREW STREET,SPRINGFIELD,MA,01104,6475
7a293c9b-7352-467a-92ad-a1b1e4d96bd9,d692e283-0833-3201-8e55-4f868a9c0736,Lane844 Jacobi462,M,GENERAL PRACTICE,585 LEBANON STREET,MELROSE,MA,02176,33787
09334e6b-4f16-4e46-a6de-ac11b27b0114,d78e84ec-30aa-3bba-a33a-f29a3a454662,Carol737 Weimann465,F,GENERAL PRACTICE,55 FRUIT STREET,BOSTON,MA,02114,5741
28389784-282f-40ec-b297-d9b36424b72f,8ad64ecf-c817-3753-bee7-006a8e662e06,Jonah176 Schroeder447,M,GENERAL PRACTICE,88 WASHINGTON STREET,TAUNTON,MA,02780,13527
550728f5-8d51-428a-9b07-15522f477e45,23834663-ed53-3da9-b330-d6e1ecb8428e,Miquel905 Hettinger594,M,GENERAL PRACTICE,363 HIGHLAND AVENUE,FALL RIVER,MA,02720,13538
6ba64387-dd21-4630-a5a0-91179228c81e,44bef9d3-91c2-3005-93e0-ccf436348ff0,Sara501 Angulo494,F,GENERAL PRACTICE,243 CHARLES STREET,BOSTON,MA,02114,7747
5e0a1893-d31c-4269-b873-51194601a038,60457c13-adb2-3415-82c5-86ab5dab5f93,Shonta375 Sanford861,F,GENERAL PRACTICE,759 CHESTNUT STREET,SPRINGFIELD,MA,01199,9887
184973ca-3007-459e-8e42-e138dc2f4c20,a9f20dc1-5147-3789-bcef-bbecb41c5983,Harrison106 Blick895,M,GENERAL PRACTICE,70 EAST STREET,METHUEN,MA,01844,10783
82cecd15-bf34-4404-b6db-6dc3a7e6552e,7fb56531-86bd-3e4a-8619-4df9942da309,Dolly486 Morissette863,F,GENERAL PRACTICE,148 CHESTNUT STREET,NEEDHAM,MA,02494,5348
c19c8b91-6618-47ae-9256-fff339a7b22c,03347b4d-994e-302b-848b-58019a4e274d,Samuel331 Predovic534,M,GENERAL PRACTICE,133 OLD ROAD TO 9 ACRE CORNER,W CONCORD,MA,01742,9344
4b3cc109-509f-4de4-819e-c30d8c5f1742,cb6a50e0-af76-3758-99ad-3200ede03fff,Macie339 Bauch723,F,GENERAL PRACTICE,330 BROOKLINE AVENUE,BOSTON,MA,02215,10740
a0db3aef-679b-404c-a1dd-d72814461fff,9a7149fa-49fc-3c87-b935-d29c55808717,Jeri234 Hansen121,F,GENERAL PRACTICE,125 PARKER HILL AVENUE,BOSTON,MA,02120,6913
76bcd74f-87fc-4922-b06e-11bd679e7f0b,24cb4eab-6166-3530-bddc-a5a8a14a4fc1,Wynell591 Olson653,F,GENERAL PRACTICE,14 PROSPECT STREET,MILFORD,MA,01757,31252
b27aa631-e2bc-4e1d-924a-9479d9c1cc3c,e44f438a-601b-30fb-85eb-bfaf8ddcb5ad,Shauna908 Lindgren255,F,GENERAL PRACTICE,242 GREEN STREET,GARDNER,MA,01440,6459
e60a5df2-d3a6-4ca8-b36d-826e94c4e0ae,ac8356a5-78f8-3a63-8a1e-59e832fd54e7,Rex53 Bode78,M,GENERAL PRACTICE,200 GROTON ROAD,AYER,MA,01432,8401
79cebfe3-0bea-4709-b13b-3a8076a988c4,db0acede-4abe-3c01-8d03-5c68a190d8c7,Deidre679 Hoeger474,F,GENERAL PRACTICE,55 FOGG ROAD,SOUTH WEYMOUTH,MA,02190,13810
742cb8c8-1fb2-43ff-9002-41489864d1c0,3d10019f-c88e-3de5-9916-6107b9c0263d,Rebecca981 Labadie908,F,GENERAL PRACTICE,2014 WASHINGTON STREET,NEWTON,MA,02462,19212
c66d7e44-ae0a-4058-8ffc-abe21db0c9ed,f4e7709c-02f6-37ca-aeea-8247d74e88e7,Andre610 Schneider199,M,GENERAL PRACTICE,41 HIGHLAND AVENUE,WINCHESTER,MA,01890,30380
2b477e99-791a-44e4-b01b-8e7a66877d89,12c9daf5-a29c-36c9-ac55-28972463e566,Charisse42 Heathcote539,F,GENERAL PRACTICE,199 REEDSDALE ROAD,MILTON,MA,02186,9863
848c60c6-f9ec-4964-ba32-42005805a44f,27379046-608b-32f0-9df7-8c833cf5d11d,Willis868 Emard19,M,GENERAL PRACTICE,75 FRANCIS STREET,BOSTON,MA,02115,6017
ed07e291-a464-4c1d-9342-4687d71e4a4a,226098a2-6a40-3588-b5bb-db56c3a30a04,Cedrick207 Runte676,M,GENERAL PRACTICE,235 NORTH PEARL STREET,BROCKTON,MA,02301,16134
7dbb4fed-8c93-47d0-9ef3-1e2b25da83ac,b7175ab4-bde5-3848-891b-579bccb77c7c,Georgann131 Beer512,F,GENERAL PRACTICE,800 WASHINGTON STREET,BOSTON,MA,02111,5432
408c3c87-004e-4edc-a94f-dccb168486f1,d733d4a9-080d-3593-b910-2366e652b7ea,Blake449 Deckow585,M,GENERAL PRACTICE,1153 CENTRE STREET,BOSTON,MA,02130,5992
8733aa1c-0482-49be-8424-6ca117f459b0,3bd5eda0-16da-3ba5-8500-4dfd6ae118b8,Monica757 Kshlerin58,F,GENERAL PRACTICE,800 WASHINGTON STREET,NORWOOD,MA,02062,16855
eb0f6a5e-2855-4504-8e9b-9fb710de4688,d5117822-5756-389d-9547-891a372d580f,Johnson679 Schmitt836,M,GENERAL PRACTICE,67 & 100 TER HEUN DRIVE,FALMOUTH,MA,02540,26677
6ce1f048-6042-40a9-9f68-c9884529fb70,f99c74cc-7d1a-3f95-9a33-4a9357bf2f2a,Elroy493 Brakus656,M,GENERAL PRACTICE,55 LAKE AVENUE NORTH,WORCESTER,MA,01655,8757
b0be4ecb-40d0-42ec-b710-704e4d3c1f3e,6f122869-a856-3d65-8db9-099bf4f5bbb8,June482 Kassulke119,F,GENERAL PRACTICE,41 & 45 MALL ROAD,BURLINGTON,MA,01803,20634
2796d9ce-730f-4e64-9548-eb24c2b21f80,465de31f-3098-365c-af70-48a071e1f5aa,Elizbeth263 Ratke343,F,GENERAL PRACTICE,115 LINCOLN STREET,FRAMINGHAM,MA,01701,13886
136c2bc3-0fda-4f70-829b-dc8b7ed342bd,1eaf97fa-9de6-38de-a9c4-6efe5dc574be,Quentin28 Beahan375,M,GENERAL PRACTICE,123 SUMMER STREET,WORCESTER,MA,01608,8026
c0af4847-a8f1-44a7-bbc8-ecc385d9c076,80e919cc-df1a-3838-b75e-541564a286e5,Javier97 Garrido242,M,GENERAL PRACTICE,57 PROSPECT STREET,NANTUCKET,MA,02554,5466
8d2769ca-93bc-42d9-b335-94eee1a934f8,8e00f524-3a5f-313e-9542-378dfc61193f,Ned189 Pagac496,M,GENERAL PRACTICE,ONE HOSPITAL ROAD  FIRST FL  WING 5   PO BOX 1477,OAK BLUFFS,MA,02557,2910
4759fa49-905b-4271-8288-cb93a23322cd,56e0b3b3-4fac-3776-8fc9-7b465eb2fc17,Albina13 Rosenbaum794,F,GENERAL PRACTICE,29 LEWIS AVENUE,GREAT BARRINGTON,MA,01230,3470
c4c42257-e109-4f62-b9ad-e314d587b99c,161a799c-4894-36f6-8ca7-2a71c8107f79,Lilliana632 Brakus656,F,GENERAL PRACTICE,2033 MAIN STREET,ATHOL,MA,01331,738
814334b0-bc0e-4830-b357-99e2f86cc5ac,956ccb85-bea0-30f9-af48-52f5dd95ff72,Waldo53 Deckow585,M,GENERAL PRACTICE,30 WARREN STREET,BRIGHTON,MA,02135,6120
11503bde-49ad-428f-be39-566f1848f952,d7b11827-25f2-350b-bcd8-939fc59851b0,Levi940 Reichert620,M,GENERAL PRACTICE,300 LONGWOOD AVENUE,BOSTON,MA,02115,6589
bdc43812-8659-45fe-932a-05bf8e760a17,5103c940-0c08-392f-95cd-446e0cea042a,Terrance440 Schultz619,M,GENERAL PRACTICE,516 CAREW STREET,SPRINGFIELD,MA,01104,8637
e891e007-0db5-4661-acee-9416d594fb0d,ff9863d3-3fa3-3861-900e-f00148f5d9c2,Aubrey96 Corkery305,M,GENERAL PRACTICE,51 BLOSSOM STREET,BOSTON,MA,02114,6359
10eccb07-ab1c-4898-ae8f-78b963ae03f9,be4c63f3-8d38-3fa9-a183-62045b5c85f6,Mickey576 Streich926,M,GENERAL PRACTICE,150 South Huntington Avenue,Jamaica Plain,MA,02130,36
f06a4399-04d6-4b91-bacf-a74b00d98e4e,a7500efb-720b-3e44-990a-0c3edc5a3990,Bula88 Jakubowski832,F,GENERAL PRACTICE,1400 VFW Parkway,West Roxbury,MA,02132,1
abb981bf-c4f6-4059-a58b-30f11fef66d4,53b25c4b-e95f-3dd1-8e69-d427cdd83631,Maura912 Littel644,F,GENERAL PRACTICE,61 Lincoln Street  Suite 112,Framingham,MA,01702,1
92647d84-e28b-4428-b917-48f9762d15b8,ed146054-9dd5-3f0b-83df-d29d983039c3,Hal307 McGlynn426,M,GENERAL PRACTICE,233 Stevens St,Hyannis,MA,02601,56
4fdf0c4b-02f2-4635-bff3-64ada53bd511,0b78995f-8b45-34d3-969d-afcc456bb1c7,Isaura563 Lynch190,F,GENERAL PRACTICE,175 Elm Street,New Bedford,MA,02740,2
3c9b39a5-c49e-4f46-b5e9-80734c628b34,cb72194a-b1fd-3089-afb6-cb8bb61f4f9c,Phylis163 Witting912,F,GENERAL PRACTICE,116 Long Pond Road,Plymouth,MA,02360,34
8483942e-56a2-43a4-a574-0e4f317d984c,18f774ab-db01-37ba-95c4-44c4eab47089,Lina528 Glover433,F,GENERAL PRACTICE,110 West Squantum Street,Quincy,MA,02169,3
4a2e1ac1-fb8c-481c-a605-a8e02e92f580,5f178592-5066-33f6-8594-e6f58caca21c,Jeremy766 Feil794,F,GENERAL PRACTICE,5 INDUSTRIAL DRIVE,MASHPEE,MA,2649,248
7132f945-d72b-4b82-984d-5f79cff7e5f2,daff0685-8673-3a4a-b096-6e0c6284551d,Catalina187 Armijo730,F,GENERAL PRACTICE,289 PLEASANT STREET,FALL RIVER,MA,2721,36
bdc1b30b-460b-4459-9e19-e78b381b9445,829a88e4-565e-3a38-a0a6-94ade6404a38,Malisa137 Nikolaus26,F,GENERAL PRACTICE,140 NAUSET STREET,NEW BEDFORD,MA,2746,125
a2d39010-f358-44c8-b3a4-246d10f351f7,92819cdc-db9e-387e-8c4f-4b2b4e8b2e4f,Leanne251 Moen819,F,GENERAL PRACTICE,1230 BRIDGE STREET,LOWELL,MA,1850,735
8ffb16ec-e14b-4812-a544-1705247fa953,0d1563c1-d56c-362e-9e3d-d74463ebbe0f,Hannah56 Pfannerstill264,F,GENERAL PRACTICE,629 PLEASANT STREET,BROCKTON,MA,2301,127
47e0065f-9619-4ed1-84b8-01a2885ec371,0c127383-39c2-30f2-bd62-448ea6fe1385,Tony646 Fahey393,M,GENERAL PRACTICE,210 WASHINGTON STREET,FAIRHAVEN,MA,2719,16
40a85a5b-3c06-4388-a2e2-04581f6dc7e1,ad933cee-594c-3f13-b6ef-20f89ecd91ff,Darrick836 Halvorson124,M,GENERAL PRACTICE,1589 FALL RIVER AVENUE,SEEKONK,MA,2771,687
da3b2e23-904e-47df-a71a-d89e7bd9f063,4e916854-3a59-3f17-bb16-7c406148d822,Gene733 O'Conner199,M,GENERAL PRACTICE,1399 WASHINGTON STREET,HANOVER,MA,2339,346
9df81858-4a3c-4378-b8cb-951fd13d8618,a76bda1d-f42d-3046-b8c6-021f3db0a086,Brenna468 Wehner319,F,GENERAL PRACTICE,808 MAIN STREET,WALTHAM,MA,2451,192
9a71098c-cd0e-4e96-b97d-b58c81a34a6b,7116c200-6663-3503-8314-1ee16845e5d3,Matilde468 Grady603,F,GENERAL PRACTICE,85 PARKHURST ROAD,CHELMSFORD,MA,1824,193
dc3a7385-1c9b-46fc-9dcb-c856cddfb75c,3265f387-6c51-32ee-8f6d-b2a89caa34d5,Karlyn611 Hessel84,F,GENERAL PRACTICE,151 EVERETT AVENUE,CHELSEA,MA,2150,442
7bb685b3-33a7-4711-8fae-912d224ecb12,c63d0602-724d-3d74-958a-a31b1364eaef,America446 Turner526,F,GENERAL PRACTICE,111 GROSSMAN DRIVE,BRAINTREE,MA,2184,989
ef2fb6a2-baf8-4eb7-aaf5-adf59d213768,f15cf8e0-db9a-39b1-b78f-8a6a01cf574b,Karl184 Doyle959,M,GENERAL PRACTICE,98 SHAKER ROAD,EAST LONGMEADOW,MA,1028,21
ac42a9a3-52cb-48bb-950c-95e365e2e73f,ff9474cb-cf9c-350a-a22b-b949ee9793cf,Brendon298 Hartmann983,M,GENERAL PRACTICE,1515 ALLEN STREET,SPRINGFIELD,MA,1118,50
58fd35dc-222b-467f-b87e-aaf59b7258c2,cbbee84d-7644-3b24-9f41-e3747f5050df,Elizabeth24 Mraz590,F,GENERAL PRACTICE,26 QUEEN STREET,WORCESTER,MA,1610,354
b170ffe9-ddde-45fe-a95e-4685efa63827,f1313c7d-3148-335b-adc3-337f15567b82,Judson999 Wilkinson796,M,GENERAL PRACTICE,500 SALEM STREET,WILMINGTON,MA,1887,225
369dd547-bb34-47d2-8637-20b2d3d36fc9,df5a38ee-e493-3572-8f92-bb695aef9891,Rudy520 Bayer639,M,GENERAL PRACTICE,489 BEARSES WAY,HYANNIS,MA,2601,60
29e116ff-3a5f-4453-8da2-e8873f144b76,e3f1676b-9b40-3544-af4e-17a06bbb98bb,Danica886 McGlynn426,F,GENERAL PRACTICE,637 WASHINGTON STREET,DORCHESTER,MA,2124,38
558cf0a7-474d-4b03-8803-39d37e7e33c0,a43fb751-96fe-3496-8750-73f85651866d,Albertine688 Orn563,F,GENERAL PRACTICE,66B CONCORD STREET,WILMINGTON,MA,1887,446
5237e30f-cc13-4ff1-a224-d9fb228701a7,b81688f5-bd0e-3c99-963f-860d3e90ab5d,Lillian593 Anderson154,F,GENERAL PRACTICE,581 BOYLSTON STREET,BOSTON,MA,2116,74
b2ab1ed5-1f18-4675-a736-ef15551cd511,eeca3319-9cbf-382e-a7ee-43986c981135,Odis959 Bosco882,M,GENERAL PRACTICE,58 TREMONT STREET,TAUNTON,MA,2780,143
7aef1489-e762-4822-9d29-1bd62f15f69a,6e62e63b-c39a-3211-99d8-8b8f0f06774e,Marilu588 Urías338,F,GENERAL PRACTICE,19 TACOMA STREET,WORCESTER,MA,1605,216
f47ace5a-1d2c-47b8-a2eb-70ecc6d86c69,62fa9127-485f-3032-87cc-6576d91fec94,Paula289 Reichert620,F,GENERAL PRACTICE,1 ESSEX CENTER DRIVE,PEABODY,MA,1960,988
a44a63e7-8e80-40f9-8b1e-3dc8463d6018,b60f8daf-0362-3c28-9b54-216e7f3e80bd,Carlota980 Heaney114,F,GENERAL PRACTICE,1 TROWBRIDGE ROAD,BUZZARDS BAY,MA,2532,690
4c70922a-8443-4529-8f53-b211b6a16ff9,d672f853-e2a5-324e-98fa-c6d5f8dfc255,Merle11 Powlowski563,M,GENERAL PRACTICE,9 HOPE AVENUE,WALTHAM,MA,2453,204
0f71bcb7-2af3-4c15-aae2-3ad17b47f239,98d42012-384f-39d9-b210-cc654b9441f6,Brain142 Haley279,M,GENERAL PRACTICE,525 LONG POND DRIVE,HARWICH,MA,2645,510
1439361b-50d1-431f-b8ea-44e085b442e7,27f06acd-f732-3871-be87-889fef7d9010,Tiesha180 Huels583,F,GENERAL PRACTICE,489 BERNARDSTON ROAD,GREENFIELD,MA,1301,193
a89afddb-ff8d-4328-a881-d7d0d86199c0,7ffe74ac-786d-3c6d-bcb9-323352f6149c,Katherine209 Ritchie586,F,GENERAL PRACTICE,140 CARANDO DRIVE,SPRINGFIELD,MA,1104,109
3e5669e2-af01-4ae2-8b30-b02922a007d1,b06770b5-b695-3c1a-9685-ae2223966ff7,Royal919 Balistreri607,M,GENERAL PRACTICE,66 SOUTH WASHINGTON STREET,NORTH ATTLEBORO,MA,2760,211
52481e27-f6d0-411a-b63b-1e1c06e2c3a2,a9afd4c9-8443-3b5a-a486-07c3bb109b3f,Zack583 Herzog843,M,GENERAL PRACTICE,444 MONTGOMERY STREET,CHICOPEE,MA,1020,84
8f96f4b5-4767-4065-8c28-79582917e4c3,9b5f23f1-c387-3a77-9359-752d26d7f997,Maudie129 Kirlin939,F,GENERAL PRACTICE,250 PARADISE ROAD,SWAMPSCOTT,MA,1907,617
11d1740a-3d0f-491e-831a-a0cb430db491,108ccece-277a-396f-8bf2-1527f74458eb,Sergio619 Rodrígez614,M,GENERAL PRACTICE,51 LOCUST STREET,NORTHAMPTON,MA,1060,193
29dc2ef1-9ac1-489d-b98e-a1f8c65354c7,f7a6cc79-3075-3124-9f62-6fe562440b1d,Norman647 Bins636,M,GENERAL PRACTICE,237 STATE ROAD,NORTH DARTMOUTH,MA,2747,102
7d518b0a-0caa-47fd-8c31-166101166310,0f7f97f6-693c-3de9-8190-85feaf4632e2,Gregg522 Johns824,M,GENERAL PRACTICE,1 HARBORSIDE DRIVE,EAST BOSTON,MA,2128,2310
b6be4350-85d5-4ed3-8b45-bab555739ac9,700056a6-3aea-3efd-8423-a9acbd38a5ea,Corey514 Kunze215,M,GENERAL PRACTICE,106 UNITED STATES HIGHWAY 44,RAYNHAM,MA,2767,52
160a83e2-1e6f-4a43-9438-65280c6ff33e,308b5efa-a9c2-3728-b1ff-d29c5f060731,Rubin812 Bashirian201,M,GENERAL PRACTICE,630 PLANTATION STREET,WORCESTER,MA,1605,650
9733738c-8efc-4bdd-8712-c357023dcad1,bbf934c6-faad-3483-a1d2-d2ecb693a0e2,Serena400 Collier206,F,GENERAL PRACTICE,309 TEATICKET HIGHWAY,TEATICKET,MA,2536,73
59c6c8fb-217b-490e-9829-262ccd4e0487,90cf148c-69ed-3d33-aa86-b509c6b0b25f,Isadora719 Konopelski743,F,GENERAL PRACTICE,170 GOVERNORS AVENUE,MEDFORD,MA,2155,176
c8043eaa-7c7f-4df2-bd6e-1018998e8b38,1aedcb45-c507-3ad0-9010-6583d264ae72,Daniella68 Roob72,F,GENERAL PRACTICE,67 GRAND ARMY OF THE REPUBLIC HIGHWAY,SOMERSET,MA,2726,26
